GAME_ID,GAME_DATE,HOME_TEAM,AWAY_TEAM,HOME_SCORE,AWAY_SCORE
0022300001,2023-11-03,IND,CLE,121.0,116.0
0022300002,2023-11-03,MIL,NYK,110.0,105.0
0022300003,2023-11-03,MIA,WAS,121.0,114.0
0022300004,2023-11-03,CHI,BKN,107.0,109.0
0022300005,2023-11-03,OKC,GSW,139.0,141.0
0022300006,2023-11-03,DEN,DAL,125.0,114.0
0022300007,2023-11-03,POR,MEM,115.0,113.0
0022300008,2023-11-10,DET,PHI,106.0,114.0
0022300009,2023-11-10,WAS,CHA,117.0,124.0
0022300010,2023-11-10,BOS,BKN,121.0,107.0
0022300011,2023-11-10,HOU,NOP,104.0,101.0
0022300012,2023-11-10,MEM,UTA,121.0,127.0
0022300013,2023-11-10,SAS,MIN,110.0,117.0
0022300014,2023-11-10,DAL,LAC,144.0,126.0
0022300015,2023-11-10,PHX,LAL,119.0,122.0
0022300016,2023-11-10,SAC,OKC,105.0,98.0
0022300017,2023-11-14,CHA,MIA,105.0,111.0
0022300018,2023-11-14,DET,ATL,120.0,126.0
0022300019,2023-11-14,PHI,IND,126.0,132.0
0022300020,2023-11-14,BKN,ORL,124.0,104.0
0022300021,2023-11-14,OKC,SAS,123.0,87.0
0022300022,2023-11-14,NOP,DAL,131.0,110.0
0022300023,2023-11-14,UTA,POR,115.0,99.0
0022300024,2023-11-14,DEN,LAC,111.0,108.0
0022300025,2023-11-14,GSW,MIN,101.0,104.0
0022300026,2023-11-14,LAL,MEM,134.0,107.0
0022300027,2023-11-17,CHA,MIL,99.0,130.0
0022300028,2023-11-17,WAS,NYK,99.0,120.0
0022300029,2023-11-17,ATL,PHI,116.0,126.0
0022300030,2023-11-17,CLE,DET,108.0,100.0
0022300031,2023-11-17,TOR,BOS,105.0,108.0
0022300032,2023-11-17,SAS,SAC,120.0,129.0
0022300033,2023-11-17,CHI,ORL,97.0,103.0
0022300034,2023-11-17,NOP,DEN,115.0,110.0
0022300035,2023-11-17,UTA,PHX,128.0,131.0
0022300036,2023-11-17,POR,LAL,95.0,107.0
0022300037,2023-11-17,LAC,HOU,106.0,100.0
0022300038,2023-11-21,ORL,TOR,126.0,107.0
0022300039,2023-11-21,ATL,IND,152.0,157.0
0022300040,2023-11-21,PHI,CLE,119.0,122.0
0022300041,2023-11-21,PHX,POR,120.0,107.0
0022300042,2023-11-21,LAL,UTA,131.0,99.0
0022300043,2023-11-24,ORL,BOS,113.0,96.0
0022300044,2023-11-24,MEM,PHX,89.0,110.0
0022300045,2023-11-24,NYK,MIA,100.0,98.0
0022300046,2023-11-24,TOR,CHI,121.0,108.0
0022300047,2023-11-24,IND,DET,136.0,113.0
0022300048,2023-11-24,HOU,DEN,105.0,86.0
0022300049,2023-11-24,MIL,WAS,131.0,128.0
0022300050,2023-11-24,MIN,SAC,111.0,124.0
0022300051,2023-11-24,GSW,SAS,118.0,112.0
0022300052,2023-11-24,LAC,NOP,106.0,116.0
0022300053,2023-11-28,BOS,CHI,124.0,97.0
0022300054,2023-11-28,BKN,TOR,115.0,103.0
0022300055,2023-11-28,CLE,ATL,128.0,105.0
0022300056,2023-11-28,MIA,MIL,124.0,131.0
0022300057,2023-11-28,NYK,CHA,115.0,91.0
0022300058,2023-11-28,MIN,OKC,106.0,103.0
0022300059,2023-11-28,DAL,HOU,121.0,115.0
0022300060,2023-11-28,SAC,GSW,124.0,123.0
0022300061,2023-10-24,DEN,LAL,119.0,107.0
0022300062,2023-10-24,GSW,PHX,104.0,108.0
0022300063,2023-10-25,CHA,ATL,116.0,110.0
0022300064,2023-10-25,IND,WAS,143.0,120.0
0022300065,2023-10-25,NYK,BOS,104.0,108.0
0022300066,2023-10-25,ORL,HOU,116.0,86.0
0022300067,2023-10-25,BKN,CLE,113.0,114.0
0022300068,2023-10-25,MIA,DET,103.0,102.0
0022300069,2023-10-25,TOR,MIN,97.0,94.0
0022300070,2023-10-25,CHI,OKC,104.0,124.0
0022300071,2023-10-25,MEM,NOP,104.0,111.0
0022300072,2023-10-25,UTA,SAC,114.0,130.0
0022300073,2023-10-25,SAS,DAL,119.0,126.0
0022300074,2023-10-25,LAC,POR,123.0,111.0
0022300075,2023-10-26,MIL,PHI,118.0,117.0
0022300076,2023-10-26,LAL,PHX,100.0,95.0
0022300077,2023-10-27,CHA,DET,99.0,111.0
0022300078,2023-10-27,MEM,DEN,104.0,108.0
0022300079,2023-10-27,ATL,NYK,120.0,126.0
0022300080,2023-10-27,BOS,MIA,119.0,111.0
0022300081,2023-10-27,CLE,OKC,105.0,108.0
0022300082,2023-10-27,CHI,TOR,104.0,103.0
0022300083,2023-10-27,SAS,HOU,126.0,122.0
0022300084,2023-10-27,DAL,BKN,125.0,120.0
0022300085,2023-10-27,UTA,LAC,120.0,118.0
0022300086,2023-10-27,POR,ORL,97.0,102.0
0022300087,2023-10-27,SAC,GSW,114.0,122.0
0022300088,2023-10-28,DET,CHI,118.0,102.0
0022300089,2023-10-28,WAS,MEM,113.0,106.0
0022300090,2023-10-28,NOP,NYK,96.0,87.0
0022300091,2023-10-28,CLE,IND,113.0,125.0
0022300092,2023-10-28,TOR,PHI,107.0,114.0
0022300093,2023-10-28,MIN,MIA,106.0,90.0
0022300094,2023-10-28,PHX,UTA,126.0,104.0
0022300095,2023-10-29,OKC,DEN,95.0,128.0
0022300096,2023-10-29,HOU,GSW,95.0,106.0
0022300097,2023-10-29,MIL,ATL,110.0,127.0
0022300098,2023-10-29,PHI,POR,126.0,98.0
0022300099,2023-10-29,LAC,SAS,123.0,83.0
0022300100,2023-10-29,SAC,LAL,132.0,127.0
0022300101,2023-10-30,CHA,BKN,121.0,133.0
0022300102,2023-10-30,IND,CHI,105.0,112.0
0022300103,2023-10-30,WAS,BOS,107.0,126.0
0022300104,2023-10-30,ATL,MIN,127.0,113.0
0022300105,2023-10-30,TOR,POR,91.0,99.0
0022300106,2023-10-30,MEM,DAL,110.0,125.0
0022300107,2023-10-30,MIL,MIA,122.0,114.0
0022300108,2023-10-30,NOP,GSW,102.0,130.0
0022300109,2023-10-30,OKC,DET,124.0,112.0
0022300110,2023-10-30,DEN,UTA,110.0,102.0
0022300111,2023-10-30,LAL,ORL,106.0,103.0
0022300112,2023-10-31,CLE,NYK,91.0,109.0
0022300113,2023-10-31,PHX,SAS,114.0,115.0
0022300114,2023-10-31,LAC,ORL,118.0,102.0
0022300115,2023-11-01,DET,POR,101.0,110.0
0022300116,2023-11-01,TOR,MIL,130.0,111.0
0022300117,2023-11-01,ATL,WAS,130.0,121.0
0022300118,2023-11-01,BOS,IND,155.0,104.0
0022300119,2023-11-01,MIA,BKN,105.0,109.0
0022300120,2023-11-01,NYK,CLE,89.0,95.0
0022300121,2023-11-01,OKC,NOP,106.0,110.0
0022300122,2023-11-01,HOU,CHA,128.0,119.0
0022300123,2023-11-01,MIN,DEN,110.0,89.0
0022300124,2023-11-01,DAL,CHI,114.0,105.0
0022300125,2023-11-01,UTA,MEM,133.0,109.0
0022300126,2023-11-01,GSW,SAC,102.0,101.0
0022300127,2023-11-01,LAL,LAC,130.0,125.0
0022300128,2023-11-02,PHI,TOR,114.0,99.0
0022300129,2023-11-02,NOP,DET,125.0,116.0
0022300130,2023-11-02,UTA,ORL,113.0,115.0
0022300131,2023-11-02,PHX,SAS,121.0,132.0
0022300132,2023-11-04,PHI,PHX,112.0,100.0
0022300133,2023-11-04,IND,CHA,124.0,125.0
0022300134,2023-11-04,ORL,LAL,120.0,101.0
0022300135,2023-11-04,NOP,ATL,105.0,123.0
0022300136,2023-11-04,BKN,BOS,114.0,124.0
0022300137,2023-11-04,HOU,SAC,107.0,89.0
0022300138,2023-11-04,MIN,UTA,123.0,95.0
0022300139,2023-11-04,DEN,CHI,123.0,101.0
0022300140,2023-11-05,DET,PHX,106.0,120.0
0022300141,2023-11-05,SAS,TOR,116.0,123.0
0022300142,2023-11-05,CLE,GSW,115.0,104.0
0022300143,2023-11-05,DAL,CHA,124.0,118.0
0022300144,2023-11-05,POR,MEM,100.0,112.0
0022300145,2023-11-06,DET,GSW,109.0,120.0
0022300146,2023-11-06,IND,SAS,152.0,111.0
0022300147,2023-11-06,ORL,DAL,102.0,117.0
0022300148,2023-11-06,PHI,WAS,146.0,128.0
0022300149,2023-11-06,BKN,MIL,125.0,129.0
0022300150,2023-11-06,MIA,LAL,108.0,107.0
0022300151,2023-11-06,NYK,LAC,111.0,97.0
0022300152,2023-11-06,CHI,UTA,130.0,113.0
0022300153,2023-11-06,HOU,SAC,122.0,97.0
0022300154,2023-11-06,MIN,BOS,114.0,109.0
0022300155,2023-11-06,OKC,ATL,126.0,117.0
0022300156,2023-11-06,DEN,NOP,134.0,116.0
0022300157,2023-11-08,CHA,WAS,116.0,132.0
0022300158,2023-11-08,IND,UTA,134.0,118.0
0022300159,2023-11-08,PHI,BOS,106.0,103.0
0022300160,2023-11-08,BKN,LAC,100.0,93.0
0022300161,2023-11-08,NYK,SAS,126.0,105.0
0022300162,2023-11-08,CHI,PHX,115.0,116.0
0022300163,2023-11-08,HOU,LAL,128.0,94.0
0022300164,2023-11-08,MEM,MIA,102.0,108.0
0022300165,2023-11-08,MIL,DET,120.0,118.0
0022300166,2023-11-08,MIN,NOP,122.0,101.0
0022300167,2023-11-08,OKC,CLE,128.0,120.0
0022300168,2023-11-08,DAL,TOR,116.0,127.0
0022300169,2023-11-08,DEN,GSW,108.0,105.0
0022300170,2023-11-08,SAC,POR,121.0,118.0
0022300171,2023-11-09,IND,MIL,126.0,124.0
0022300172,2023-11-09,ORL,ATL,119.0,120.0
0022300173,2023-11-11,ORL,MIL,112.0,97.0
0022300174,2023-11-11,BOS,TOR,117.0,94.0
0022300175,2023-11-11,ATL,MIA,109.0,117.0
0022300176,2023-11-11,GSW,CLE,110.0,118.0
0022300177,2023-11-12,NYK,CHA,129.0,107.0
0022300178,2023-11-12,BKN,WAS,102.0,94.0
0022300179,2023-11-12,LAC,MEM,101.0,105.0
0022300180,2023-11-12,PHI,IND,137.0,126.0
0022300181,2023-11-12,CHI,DET,119.0,108.0
0022300182,2023-11-12,HOU,DEN,107.0,104.0
0022300183,2023-11-12,NOP,DAL,124.0,136.0
0022300184,2023-11-12,SAS,MIA,113.0,118.0
0022300185,2023-11-12,PHX,OKC,99.0,111.0
0022300186,2023-11-12,GSW,MIN,110.0,116.0
0022300187,2023-11-12,LAL,POR,116.0,110.0
0022300188,2023-11-13,BOS,NYK,114.0,98.0
0022300189,2023-11-13,TOR,WAS,111.0,107.0
0022300190,2023-11-13,MIL,CHI,118.0,109.0
0022300191,2023-11-13,SAC,CLE,132.0,120.0
0022300192,2023-11-15,WAS,DAL,117.0,130.0
0022300193,2023-11-15,ATL,NYK,114.0,116.0
0022300194,2023-11-15,PHI,BOS,107.0,117.0
0022300195,2023-11-15,TOR,MIL,112.0,128.0
0022300196,2023-11-15,CHI,ORL,94.0,96.0
0022300197,2023-11-15,PHX,MIN,133.0,115.0
0022300198,2023-11-15,LAL,SAC,110.0,125.0
0022300199,2023-11-15,POR,CLE,95.0,109.0
0022300200,2023-11-16,MIA,BKN,122.0,115.0
0022300201,2023-11-16,GSW,OKC,109.0,128.0
0022300202,2023-11-18,CHA,NYK,108.0,122.0
0022300203,2023-11-18,NOP,MIN,120.0,121.0
0022300204,2023-11-18,CHI,MIA,102.0,97.0
0022300205,2023-11-18,MIL,DAL,132.0,125.0
0022300206,2023-11-18,SAS,MEM,108.0,120.0
0022300207,2023-11-18,GSW,OKC,123.0,130.0
0022300208,2023-11-19,BKN,PHI,99.0,121.0
0022300209,2023-11-19,IND,ORL,116.0,128.0
0022300210,2023-11-19,CLE,DEN,121.0,109.0
0022300211,2023-11-19,TOR,DET,142.0,113.0
0022300212,2023-11-19,DAL,SAC,113.0,129.0
0022300213,2023-11-19,MEM,BOS,100.0,102.0
0022300214,2023-11-19,UTA,PHX,137.0,140.0
0022300215,2023-11-19,POR,OKC,91.0,134.0
0022300216,2023-11-19,LAL,HOU,105.0,104.0
0022300217,2023-11-20,CHA,BOS,121.0,118.0
0022300218,2023-11-20,DET,DEN,103.0,107.0
0022300219,2023-11-20,WAS,MIL,129.0,142.0
0022300220,2023-11-20,CHI,MIA,100.0,118.0
0022300221,2023-11-20,MIN,NYK,117.0,100.0
0022300222,2023-11-20,NOP,SAC,129.0,93.0
0022300223,2023-11-20,SAS,LAC,99.0,124.0
0022300224,2023-11-20,GSW,HOU,121.0,116.0
0022300225,2023-11-22,CHA,WAS,117.0,114.0
0022300226,2023-11-22,ORL,DEN,124.0,119.0
0022300227,2023-11-22,ATL,BKN,147.0,145.0
0022300228,2023-11-22,BOS,MIL,119.0,116.0
0022300229,2023-11-22,CLE,MIA,96.0,129.0
0022300230,2023-11-22,IND,TOR,131.0,132.0
0022300231,2023-11-22,HOU,MEM,111.0,91.0
0022300232,2023-11-22,MIN,PHI,112.0,99.0
0022300233,2023-11-22,NOP,SAC,117.0,112.0
0022300234,2023-11-22,OKC,CHI,116.0,102.0
0022300235,2023-11-22,SAS,LAC,102.0,109.0
0022300236,2023-11-22,PHX,GSW,123.0,115.0
0022300237,2023-11-22,POR,UTA,121.0,105.0
0022300238,2023-11-22,LAL,DAL,101.0,104.0
0022300239,2023-11-25,OKC,PHI,123.0,127.0
0022300240,2023-11-25,BKN,MIA,112.0,97.0
0022300241,2023-11-25,WAS,ATL,108.0,136.0
0022300242,2023-11-25,CLE,LAL,115.0,121.0
0022300243,2023-11-25,UTA,NOP,105.0,100.0
0022300244,2023-11-25,LAC,DAL,107.0,88.0
0022300245,2023-11-26,MIL,POR,108.0,102.0
0022300246,2023-11-26,BOS,ATL,113.0,103.0
0022300247,2023-11-26,NYK,PHX,113.0,116.0
0022300248,2023-11-26,ORL,CHA,130.0,117.0
0022300249,2023-11-26,MEM,MIN,97.0,119.0
0022300250,2023-11-26,BKN,CHI,118.0,109.0
0022300251,2023-11-26,CLE,TOR,105.0,102.0
0022300252,2023-11-26,DEN,SAS,132.0,120.0
0022300253,2023-11-27,DET,WAS,107.0,126.0
0022300254,2023-11-27,IND,POR,110.0,114.0
0022300255,2023-11-27,PHI,LAL,138.0,94.0
0022300256,2023-11-27,UTA,NOP,114.0,112.0
0022300257,2023-11-27,LAC,DEN,104.0,113.0
0022300258,2023-11-29,DET,LAL,107.0,133.0
0022300259,2023-11-29,ORL,WAS,139.0,120.0
0022300260,2023-11-29,TOR,PHX,112.0,105.0
0022300261,2023-11-29,MEM,UTA,105.0,91.0
0022300262,2023-11-29,NOP,PHI,124.0,114.0
0022300263,2023-11-29,DEN,HOU,134.0,124.0
0022300264,2023-11-29,SAC,LAC,117.0,131.0
0022300265,2023-11-30,CLE,POR,95.0,103.0
0022300266,2023-11-30,BKN,CHA,128.0,129.0
0022300267,2023-11-30,MIA,IND,142.0,132.0
0022300268,2023-11-30,NYK,DET,118.0,112.0
0022300269,2023-11-30,CHI,MIL,120.0,113.0
0022300270,2023-11-30,MIN,UTA,101.0,90.0
0022300271,2023-11-30,OKC,LAL,133.0,110.0
0022300272,2023-11-30,SAS,ATL,135.0,137.0
0022300273,2023-11-30,GSW,LAC,120.0,114.0
0022300274,2023-12-01,ORL,WAS,130.0,125.0
0022300275,2023-12-01,BOS,PHI,125.0,119.0
0022300276,2023-12-01,TOR,NYK,106.0,119.0
0022300277,2023-12-01,DAL,MEM,94.0,108.0
0022300278,2023-12-01,NOP,SAS,121.0,106.0
0022300279,2023-12-01,PHX,DEN,111.0,119.0
0022300280,2023-12-02,LAC,GSW,113.0,112.0
0022300281,2023-12-02,CHA,MIN,117.0,123.0
0022300282,2023-12-02,BKN,ORL,129.0,101.0
0022300283,2023-12-02,DET,CLE,101.0,110.0
0022300284,2023-12-02,MIA,IND,129.0,144.0
0022300285,2023-12-02,CHI,NOP,124.0,118.0
0022300286,2023-12-02,MIL,ATL,132.0,121.0
0022300287,2023-12-02,DAL,OKC,120.0,126.0
0022300288,2023-12-02,PHX,MEM,116.0,109.0
0022300289,2023-12-02,UTA,POR,118.0,113.0
0022300290,2023-12-02,SAC,DEN,123.0,117.0
0022300291,2023-12-02,LAL,HOU,107.0,97.0
0022300292,2023-12-11,CHA,MIA,114.0,116.0
0022300293,2023-12-11,DET,IND,123.0,131.0
0022300294,2023-12-11,ORL,CLE,104.0,94.0
0022300295,2023-12-11,PHI,WAS,146.0,101.0
0022300296,2023-12-11,ATL,DEN,122.0,129.0
0022300297,2023-12-11,NYK,TOR,136.0,130.0
0022300298,2023-12-11,HOU,SAS,93.0,82.0
0022300299,2023-12-11,MEM,DAL,113.0,120.0
0022300300,2023-12-11,MIL,CHI,133.0,129.0
0022300301,2023-12-11,NOP,MIN,121.0,107.0
0022300302,2023-12-11,OKC,UTA,134.0,120.0
0022300303,2023-12-11,SAC,BKN,131.0,118.0
0022300304,2023-12-11,LAC,POR,132.0,127.0
0022300305,2023-12-12,BOS,CLE,120.0,113.0
0022300306,2023-12-12,DAL,LAL,127.0,125.0
0022300307,2023-12-12,CHI,DEN,106.0,114.0
0022300308,2023-12-12,PHX,GSW,119.0,116.0
0022300309,2023-12-12,LAC,SAC,119.0,99.0
0022300310,2023-12-13,DET,PHI,111.0,129.0
0022300311,2023-12-13,WAS,NOP,122.0,142.0
0022300312,2023-12-13,MIA,CHA,115.0,104.0
0022300313,2023-12-13,TOR,ATL,135.0,128.0
0022300314,2023-12-13,HOU,MEM,117.0,104.0
0022300315,2023-12-13,MIL,IND,140.0,126.0
0022300316,2023-12-13,SAS,LAL,119.0,122.0
0022300317,2023-12-13,PHX,BKN,112.0,116.0
0022300318,2023-12-13,UTA,NYK,117.0,113.0
0022300319,2023-12-14,BOS,CLE,116.0,107.0
0022300320,2023-12-14,MIA,CHI,116.0,124.0
0022300321,2023-12-14,DAL,MIN,101.0,119.0
0022300322,2023-12-14,DEN,BKN,124.0,101.0
0022300323,2023-12-14,POR,UTA,114.0,122.0
0022300324,2023-12-14,SAC,OKC,128.0,123.0
0022300325,2023-12-14,LAC,GSW,121.0,113.0
0022300326,2023-12-15,CHA,NOP,107.0,112.0
0022300327,2023-12-15,PHI,DET,124.0,92.0
0022300328,2023-12-15,WAS,IND,137.0,123.0
0022300329,2023-12-15,BOS,ORL,128.0,111.0
0022300330,2023-12-15,TOR,ATL,104.0,125.0
0022300331,2023-12-15,SAS,LAL,129.0,115.0
0022300332,2023-12-15,MEM,HOU,96.0,103.0
0022300333,2023-12-15,PHX,NYK,122.0,139.0
0022300334,2023-12-16,MIL,DET,146.0,114.0
0022300335,2023-12-16,CHA,PHI,82.0,135.0
0022300336,2023-12-16,CLE,ATL,127.0,119.0
0022300337,2023-12-16,MIA,CHI,118.0,116.0
0022300338,2023-12-16,MIN,IND,127.0,109.0
0022300339,2023-12-16,GSW,BKN,124.0,120.0
0022300340,2023-12-16,DEN,OKC,117.0,118.0
0022300341,2023-12-16,POR,DAL,120.0,131.0
0022300342,2023-12-16,SAC,UTA,125.0,104.0
0022300343,2023-12-16,LAC,NYK,144.0,122.0
0022300344,2023-12-17,BOS,ORL,114.0,97.0
0022300345,2023-12-17,SAS,NOP,110.0,146.0
0022300346,2023-12-17,MIL,HOU,128.0,119.0
0022300347,2023-12-17,PHX,WAS,112.0,108.0
0022300348,2023-12-17,POR,GSW,114.0,118.0
0022300349,2023-12-18,CLE,HOU,135.0,130.0
0022300350,2023-12-18,IND,LAC,127.0,151.0
0022300351,2023-12-18,PHI,CHI,104.0,108.0
0022300352,2023-12-18,ATL,DET,130.0,124.0
0022300353,2023-12-18,MIA,MIN,108.0,112.0
0022300354,2023-12-18,TOR,CHA,114.0,99.0
0022300355,2023-12-18,OKC,MEM,116.0,97.0
0022300356,2023-12-18,DEN,DAL,130.0,104.0
0022300357,2023-12-18,UTA,BKN,125.0,108.0
0022300358,2023-12-18,SAC,WAS,143.0,131.0
0022300359,2023-12-18,LAL,NYK,109.0,114.0
0022300360,2023-12-19,NOP,MEM,113.0,115.0
0022300361,2023-12-19,MIL,SAS,132.0,119.0
0022300362,2023-12-19,GSW,BOS,132.0,126.0
0022300363,2023-12-19,POR,PHX,109.0,104.0
0022300364,2023-12-20,CLE,UTA,124.0,116.0
0022300365,2023-12-20,IND,CHA,144.0,113.0
0022300366,2023-12-20,ORL,MIA,106.0,115.0
0022300367,2023-12-20,PHI,MIN,127.0,113.0
0022300368,2023-12-20,BKN,NYK,102.0,121.0
0022300369,2023-12-20,TOR,DEN,104.0,113.0
0022300370,2023-12-20,CHI,LAL,124.0,108.0
0022300371,2023-12-20,HOU,ATL,127.0,134.0
0022300372,2023-12-20,DAL,LAC,111.0,120.0
0022300373,2023-12-20,SAC,BOS,119.0,144.0
0022300374,2023-12-21,DET,UTA,111.0,119.0
0022300375,2023-12-21,CLE,NOP,104.0,123.0
0022300376,2023-12-21,CHI,SAS,114.0,95.0
0022300377,2023-12-21,MEM,IND,116.0,103.0
0022300378,2023-12-21,MIL,ORL,118.0,114.0
0022300379,2023-12-21,OKC,LAC,134.0,115.0
0022300380,2023-12-21,MIN,LAL,118.0,111.0
0022300381,2023-12-21,POR,WAS,117.0,118.0
0022300382,2023-12-22,PHI,TOR,121.0,111.0
0022300383,2023-12-22,BKN,DEN,117.0,122.0
0022300384,2023-12-22,MIA,ATL,122.0,113.0
0022300385,2023-12-22,HOU,DAL,122.0,96.0
0022300386,2023-12-22,GSW,WAS,129.0,118.0
0022300387,2023-12-22,SAC,PHX,120.0,105.0
0022300388,2023-12-23,NYK,MIL,111.0,130.0
0022300389,2023-12-23,LAC,BOS,108.0,145.0
0022300390,2023-12-23,CHA,DEN,95.0,102.0
0022300391,2023-12-23,IND,ORL,110.0,117.0
0022300392,2023-12-23,NOP,HOU,104.0,106.0
0022300393,2023-12-23,ATL,MEM,119.0,125.0
0022300394,2023-12-23,BKN,DET,126.0,115.0
0022300395,2023-12-23,TOR,UTA,119.0,126.0
0022300396,2023-12-23,CHI,CLE,95.0,109.0
0022300397,2023-12-23,OKC,LAL,120.0,129.0
0022300398,2023-12-23,DAL,SAS,144.0,119.0
0022300399,2023-12-23,GSW,POR,126.0,106.0
0022300400,2023-12-23,SAC,MIN,98.0,110.0
0022300401,2023-12-25,NYK,MIL,129.0,122.0
0022300402,2023-12-25,DEN,GSW,120.0,114.0
0022300403,2023-12-25,LAL,BOS,115.0,126.0
0022300404,2023-12-25,MIA,PHI,119.0,113.0
0022300405,2023-12-25,PHX,DAL,114.0,128.0
0022300406,2023-12-26,DET,BKN,112.0,118.0
0022300407,2023-12-26,WAS,ORL,119.0,127.0
0022300408,2023-12-26,CHI,ATL,118.0,113.0
0022300409,2023-12-26,HOU,IND,117.0,123.0
0022300410,2023-12-26,NOP,MEM,115.0,116.0
0022300411,2023-12-26,OKC,MIN,129.0,106.0
0022300412,2023-12-26,SAS,UTA,118.0,130.0
0022300413,2023-12-26,POR,SAC,130.0,113.0
0022300414,2023-12-26,LAC,CHA,113.0,104.0
0022300415,2023-12-27,ORL,PHI,92.0,112.0
0022300416,2023-12-27,WAS,TOR,102.0,132.0
0022300417,2023-12-27,BKN,MIL,122.0,144.0
0022300418,2023-12-27,HOU,PHX,113.0,129.0
0022300419,2023-12-27,OKC,NYK,129.0,120.0
0022300420,2023-12-27,DAL,CLE,110.0,113.0
0022300421,2023-12-28,BOS,DET,128.0,122.0
0022300422,2023-12-28,CHI,IND,104.0,120.0
0022300423,2023-12-28,MIN,DAL,118.0,110.0
0022300424,2023-12-28,NOP,UTA,112.0,105.0
0022300425,2023-12-28,DEN,MEM,142.0,105.0
0022300426,2023-12-28,GSW,MIA,102.0,114.0
0022300427,2023-12-28,POR,SAS,105.0,118.0
0022300428,2023-12-28,LAL,CHA,133.0,112.0
0022300429,2023-12-29,ORL,NYK,117.0,108.0
0022300430,2023-12-29,WAS,BKN,110.0,104.0
0022300431,2023-12-29,ATL,SAC,110.0,117.0
0022300432,2023-12-29,BOS,TOR,120.0,118.0
0022300433,2023-12-29,CLE,MIL,111.0,119.0
0022300434,2023-12-29,HOU,PHI,127.0,131.0
0022300435,2023-12-29,DEN,OKC,93.0,119.0
0022300436,2023-12-29,PHX,CHA,133.0,119.0
0022300437,2023-12-29,POR,SAS,134.0,128.0
0022300438,2023-12-29,LAC,MEM,117.0,106.0
0022300439,2023-12-30,UTA,MIA,117.0,109.0
0022300440,2023-12-30,DET,TOR,129.0,127.0
0022300441,2023-12-30,IND,NYK,140.0,126.0
0022300442,2023-12-30,CHI,PHI,105.0,92.0
0022300443,2023-12-30,MIN,LAL,108.0,106.0
0022300444,2023-12-30,GSW,DAL,122.0,132.0
0022300445,2023-12-31,WAS,ATL,126.0,130.0
0022300446,2023-12-31,NOP,LAL,129.0,109.0
0022300447,2023-12-31,OKC,BKN,124.0,108.0
0022300448,2023-12-31,SAS,BOS,101.0,134.0
0022300449,2023-12-31,MEM,SAC,92.0,123.0
0022300450,2023-12-31,PHX,ORL,112.0,107.0
0022300451,2024-01-01,NYK,MIN,112.0,106.0
0022300452,2024-01-01,TOR,CLE,124.0,121.0
0022300453,2024-01-01,HOU,DET,136.0,113.0
0022300454,2024-01-01,MIL,IND,113.0,122.0
0022300455,2024-01-01,DEN,CHA,111.0,93.0
0022300456,2024-01-01,PHX,POR,109.0,88.0
0022300457,2024-01-01,UTA,DAL,127.0,90.0
0022300458,2024-01-01,LAC,MIA,121.0,104.0
0022300459,2024-01-02,PHI,CHI,110.0,97.0
0022300460,2024-01-02,MEM,SAS,106.0,98.0
0022300461,2024-01-02,NOP,BKN,112.0,85.0
0022300462,2024-01-02,OKC,BOS,127.0,123.0
0022300463,2024-01-02,GSW,ORL,121.0,115.0
0022300464,2024-01-02,SAC,CHA,104.0,111.0
0022300465,2024-01-03,CLE,WAS,140.0,101.0
0022300466,2024-01-03,IND,MIL,142.0,130.0
0022300467,2024-01-03,ATL,OKC,141.0,138.0
0022300468,2024-01-03,NYK,CHI,116.0,100.0
0022300469,2024-01-03,HOU,BKN,112.0,101.0
0022300470,2024-01-03,MEM,TOR,111.0,116.0
0022300471,2024-01-03,MIN,NOP,106.0,117.0
0022300472,2024-01-03,DAL,POR,126.0,97.0
0022300473,2024-01-03,PHX,LAC,122.0,131.0
0022300474,2024-01-03,UTA,DET,154.0,148.0
0022300475,2024-01-03,LAL,MIA,96.0,110.0
0022300476,2024-01-03,SAC,ORL,138.0,135.0
0022300477,2024-01-04,SAS,MIL,121.0,125.0
0022300478,2024-01-04,GSW,DEN,127.0,130.0
0022300479,2024-01-05,BOS,UTA,126.0,97.0
0022300480,2024-01-05,IND,ATL,150.0,116.0
0022300481,2024-01-05,BKN,OKC,124.0,115.0
0022300482,2024-01-05,CLE,WAS,114.0,90.0
0022300483,2024-01-05,PHI,NYK,92.0,128.0
0022300484,2024-01-05,CHI,CHA,104.0,91.0
0022300485,2024-01-05,HOU,MIN,95.0,122.0
0022300486,2024-01-05,NOP,LAC,95.0,111.0
0022300487,2024-01-05,DAL,POR,139.0,103.0
0022300488,2024-01-05,DEN,ORL,120.0,122.0
0022300489,2024-01-05,PHX,MIA,113.0,97.0
0022300490,2024-01-05,GSW,DET,113.0,109.0
0022300491,2024-01-05,LAL,MEM,113.0,127.0
0022300492,2024-01-05,SAC,TOR,135.0,130.0
0022300493,2024-01-06,IND,BOS,101.0,118.0
0022300494,2024-01-06,WAS,NYK,105.0,121.0
0022300495,2024-01-06,PHI,UTA,109.0,120.0
0022300496,2024-01-06,HOU,MIL,112.0,108.0
0022300497,2024-01-07,CLE,SAS,117.0,115.0
0022300498,2024-01-07,BKN,POR,127.0,134.0
0022300499,2024-01-07,ORL,ATL,117.0,110.0
0022300500,2024-01-07,SAC,NOP,100.0,133.0
0022300501,2024-01-07,DAL,MIN,115.0,108.0
0022300502,2024-01-07,DEN,DET,131.0,114.0
0022300503,2024-01-07,PHX,MEM,115.0,121.0
0022300504,2024-01-07,GSW,TOR,118.0,133.0
0022300505,2024-01-07,LAL,LAC,106.0,103.0
0022300506,2024-01-08,CHA,CHI,112.0,119.0
0022300507,2024-01-08,IND,BOS,133.0,131.0
0022300508,2024-01-08,WAS,OKC,128.0,136.0
0022300509,2024-01-08,MIA,HOU,120.0,113.0
0022300510,2024-01-08,MIL,UTA,116.0,132.0
0022300511,2024-01-08,LAC,PHX,138.0,111.0
0022300512,2024-01-09,DET,SAC,110.0,131.0
0022300513,2024-01-09,ORL,MIN,92.0,113.0
0022300514,2024-01-09,NYK,POR,112.0,84.0
0022300515,2024-01-09,DAL,MEM,103.0,120.0
0022300516,2024-01-09,LAL,TOR,132.0,131.0
0022300517,2024-01-10,BOS,MIN,127.0,120.0
0022300518,2024-01-10,CHA,SAC,98.0,123.0
0022300519,2024-01-10,DET,SAS,108.0,130.0
0022300520,2024-01-10,IND,WAS,112.0,104.0
0022300521,2024-01-10,ATL,PHI,139.0,132.0
0022300522,2024-01-10,MIA,OKC,120.0,128.0
0022300523,2024-01-10,CHI,HOU,124.0,119.0
0022300524,2024-01-10,UTA,DEN,124.0,111.0
0022300525,2024-01-10,GSW,NOP,105.0,141.0
0022300526,2024-01-10,LAC,TOR,126.0,120.0
0022300527,2024-01-11,CLE,BKN,111.0,102.0
0022300528,2024-01-11,MIL,BOS,135.0,102.0
0022300529,2024-01-11,OKC,POR,139.0,77.0
0022300530,2024-01-11,DAL,NYK,128.0,124.0
0022300531,2024-01-11,LAL,PHX,109.0,127.0
0022300532,2024-01-12,PHI,SAC,112.0,93.0
0022300533,2024-01-12,ATL,IND,108.0,126.0
0022300534,2024-01-12,DET,HOU,110.0,112.0
0022300535,2024-01-12,MIA,ORL,99.0,96.0
0022300536,2024-01-12,CHI,GSW,131.0,140.0
0022300537,2024-01-12,MEM,LAC,119.0,128.0
0022300538,2024-01-12,MIN,POR,116.0,93.0
0022300539,2024-01-12,DEN,NOP,125.0,113.0
0022300540,2024-01-12,UTA,TOR,145.0,113.0
0022300541,2024-01-12,SAS,CHA,135.0,99.0
0022300542,2024-01-13,BOS,HOU,145.0,113.0
0022300543,2024-01-13,ATL,WAS,99.0,127.0
0022300544,2024-01-13,MEM,NYK,94.0,106.0
0022300545,2024-01-13,MIL,GSW,129.0,118.0
0022300546,2024-01-13,OKC,ORL,112.0,100.0
0022300547,2024-01-13,DAL,NOP,108.0,118.0
0022300548,2024-01-13,SAS,CHI,116.0,122.0
0022300549,2024-01-13,UTA,LAL,132.0,125.0
0022300550,2024-01-14,DEN,IND,117.0,109.0
0022300551,2024-01-14,MIA,CHA,104.0,87.0
0022300552,2024-01-14,MIL,SAC,143.0,142.0
0022300553,2024-01-14,MIN,LAC,109.0,105.0
0022300554,2024-01-14,POR,PHX,116.0,127.0
0022300555,2024-01-15,PHI,HOU,124.0,115.0
0022300556,2024-01-15,DAL,NOP,125.0,120.0
0022300557,2024-01-15,NYK,ORL,94.0,98.0
0022300558,2024-01-15,WAS,DET,117.0,129.0
0022300559,2024-01-15,ATL,SAS,109.0,99.0
0022300560,2024-01-15,MEM,GSW,116.0,107.0
0022300561,2024-01-15,CLE,CHI,109.0,91.0
0022300562,2024-01-15,BKN,MIA,95.0,96.0
0022300563,2024-01-15,TOR,BOS,96.0,105.0
0022300564,2024-01-15,UTA,IND,132.0,105.0
0022300565,2024-01-15,LAL,OKC,112.0,105.0
0022300566,2024-01-16,PHI,DEN,126.0,121.0
0022300567,2024-01-16,PHX,SAC,119.0,117.0
0022300568,2024-01-16,LAC,OKC,128.0,117.0
0022300569,2024-01-17,DET,MIN,117.0,124.0
0022300570,2024-01-17,ATL,ORL,106.0,104.0
0022300571,2024-01-17,BOS,SAS,117.0,98.0
0022300572,2024-01-17,CLE,MIL,135.0,95.0
0022300573,2024-01-17,NYK,HOU,109.0,94.0
0022300574,2024-01-17,TOR,MIA,121.0,97.0
0022300575,2024-01-17,NOP,CHA,132.0,112.0
0022300576,2024-02-15,UTA,GSW,137.0,140.0
0022300577,2024-01-17,LAL,DAL,127.0,110.0
0022300578,2024-01-17,POR,BKN,105.0,103.0
0022300579,2024-01-18,NYK,WAS,113.0,109.0
0022300580,2024-01-18,TOR,CHI,110.0,116.0
0022300581,2024-01-18,UTA,OKC,129.0,134.0
0022300582,2024-01-18,MIN,MEM,118.0,103.0
0022300583,2024-01-18,SAC,IND,121.0,126.0
0022300584,2024-01-19,CHA,SAS,124.0,120.0
0022300585,2024-01-19,ORL,PHI,109.0,124.0
0022300586,2024-01-19,BOS,DEN,100.0,102.0
0022300587,2024-01-19,MIA,ATL,108.0,109.0
0022300588,2024-01-19,NOP,PHX,109.0,123.0
0022300589,2024-04-02,GSW,DAL,104.0,100.0
0022300590,2024-01-19,POR,IND,118.0,115.0
0022300591,2024-01-19,LAL,BKN,112.0,130.0
0022300592,2024-01-20,DET,MIL,135.0,141.0
0022300593,2024-01-20,CHA,PHI,89.0,97.0
0022300594,2024-01-20,WAS,SAS,127.0,131.0
0022300595,2024-01-20,ATL,CLE,95.0,116.0
0022300596,2024-01-20,NYK,TOR,126.0,100.0
0022300597,2024-01-20,CHI,MEM,125.0,96.0
0022300598,2024-01-20,HOU,UTA,127.0,126.0
0022300599,2024-01-20,MIN,OKC,97.0,102.0
0022300600,2024-01-21,LAC,BKN,125.0,114.0
0022300601,2024-01-21,ORL,MIA,105.0,87.0
0022300602,2024-01-21,WAS,DEN,104.0,113.0
0022300603,2024-01-21,HOU,BOS,107.0,116.0
0022300604,2024-01-21,PHX,IND,117.0,110.0
0022300605,2024-01-21,LAL,POR,134.0,110.0
0022300606,2024-01-22,DET,MIL,113.0,122.0
0022300607,2024-01-22,ORL,CLE,99.0,126.0
0022300608,2024-01-22,PHI,SAS,133.0,123.0
0022300609,2024-01-22,TOR,MEM,100.0,108.0
0022300610,2024-01-22,MIN,CHA,125.0,128.0
0022300611,2024-01-22,DAL,BOS,110.0,119.0
0022300612,2024-01-22,PHX,CHI,115.0,113.0
0022300613,2024-01-22,SAC,ATL,122.0,107.0
0022300614,2024-01-23,IND,DEN,109.0,114.0
0022300615,2024-01-23,BKN,NYK,103.0,108.0
0022300616,2024-01-23,NOP,UTA,153.0,124.0
0022300617,2024-01-23,OKC,POR,111.0,109.0
0022300618,2024-01-23,LAC,LAL,127.0,116.0
0022300619,2024-01-24,DET,CHA,113.0,106.0
0022300620,2024-01-24,WAS,MIN,107.0,118.0
0022300621,2024-01-24,MIA,MEM,96.0,105.0
0022300622,2024-01-24,SAS,OKC,114.0,140.0
0022300623,2024-01-24,HOU,POR,131.0,137.0
0022300624,2024-01-24,MIL,CLE,126.0,116.0
0022300625,2024-01-24,DAL,PHX,109.0,132.0
0022300626,2024-01-24,GSW,ATL,134.0,112.0
0022300627,2024-01-25,IND,PHI,134.0,122.0
0022300628,2024-01-25,WAS,UTA,108.0,123.0
0022300629,2024-01-25,BKN,MIN,94.0,96.0
0022300630,2024-01-25,MIA,BOS,110.0,143.0
0022300631,2024-01-25,NYK,DEN,122.0,84.0
0022300632,2024-01-25,GSW,SAC,133.0,134.0
0022300633,2024-01-25,LAL,CHI,141.0,132.0
0022300634,2024-01-26,ATL,DAL,143.0,148.0
0022300635,2024-01-26,CHA,HOU,104.0,138.0
0022300636,2024-01-26,IND,PHX,133.0,131.0
0022300637,2024-01-26,TOR,LAC,107.0,127.0
0022300638,2024-01-26,MEM,ORL,107.0,106.0
0022300639,2024-01-26,MIL,CLE,100.0,112.0
0022300640,2024-01-26,NOP,OKC,83.0,107.0
0022300641,2024-01-26,SAS,POR,116.0,100.0
0022300642,2024-01-27,DET,WAS,104.0,118.0
0022300643,2024-01-27,NYK,MIA,125.0,109.0
0022300644,2024-01-27,DEN,PHI,111.0,105.0
0022300645,2024-01-27,BKN,HOU,106.0,104.0
0022300646,2024-01-27,BOS,LAC,96.0,115.0
0022300647,2024-01-27,CHA,UTA,122.0,134.0
0022300648,2024-01-27,MIL,NOP,141.0,117.0
0022300649,2024-01-27,SAS,MIN,113.0,112.0
0022300650,2024-01-27,GSW,LAL,144.0,145.0
0022300651,2024-01-27,DAL,SAC,115.0,120.0
0022300652,2024-01-28,IND,MEM,116.0,110.0
0022300653,2024-01-28,ATL,TOR,126.0,125.0
0022300654,2024-01-28,DET,OKC,120.0,104.0
0022300655,2024-01-28,ORL,PHX,113.0,98.0
0022300656,2024-01-28,POR,CHI,96.0,104.0
0022300657,2024-01-29,CHA,NYK,92.0,113.0
0022300658,2024-01-29,CLE,LAC,118.0,108.0
0022300659,2024-01-29,BOS,NOP,118.0,112.0
0022300660,2024-01-29,BKN,UTA,147.0,114.0
0022300661,2024-01-29,MIA,PHX,105.0,118.0
0022300662,2024-01-29,HOU,LAL,135.0,119.0
0022300663,2024-01-29,MEM,SAC,94.0,103.0
0022300664,2024-01-29,OKC,MIN,101.0,107.0
0022300665,2024-01-29,SAS,WAS,113.0,118.0
0022300666,2024-01-29,DAL,ORL,131.0,129.0
0022300667,2024-01-29,DEN,MIL,113.0,107.0
0022300668,2024-01-29,POR,PHI,130.0,104.0
0022300669,2024-01-30,ATL,LAL,138.0,122.0
0022300670,2024-01-30,BOS,IND,129.0,124.0
0022300671,2024-01-30,NYK,UTA,118.0,103.0
0022300672,2024-01-30,CHI,TOR,107.0,118.0
0022300673,2024-01-30,GSW,PHI,119.0,107.0
0022300674,2024-01-31,CHA,CHI,110.0,117.0
0022300675,2024-01-31,CLE,DET,128.0,121.0
0022300676,2024-01-31,WAS,LAC,109.0,125.0
0022300677,2024-01-31,BKN,PHX,120.0,136.0
0022300678,2024-01-31,MIA,SAC,115.0,106.0
0022300679,2024-01-31,HOU,NOP,99.0,110.0
0022300680,2024-01-31,MIN,DAL,121.0,87.0
0022300681,2024-01-31,SAS,ORL,98.0,108.0
0022300682,2024-01-31,OKC,DEN,105.0,100.0
0022300683,2024-01-31,POR,MIL,119.0,116.0
0022300684,2024-02-01,BOS,LAL,105.0,114.0
0022300685,2024-02-01,NYK,IND,109.0,105.0
0022300686,2024-02-01,UTA,PHI,124.0,127.0
0022300687,2024-02-01,MEM,CLE,101.0,108.0
0022300688,2024-02-02,DET,LAC,125.0,136.0
0022300689,2024-02-02,WAS,MIA,102.0,110.0
0022300690,2024-02-02,ATL,PHX,129.0,120.0
0022300691,2024-02-02,IND,SAC,122.0,133.0
0022300692,2024-02-02,HOU,TOR,135.0,106.0
0022300693,2024-02-02,MEM,GSW,101.0,121.0
0022300694,2024-02-02,MIN,ORL,106.0,108.0
0022300695,2024-02-02,OKC,CHA,126.0,106.0
0022300696,2024-02-02,SAS,NOP,113.0,114.0
0022300697,2024-02-02,DEN,POR,120.0,108.0
0022300698,2024-02-03,PHI,BKN,121.0,136.0
0022300699,2024-02-03,ATL,GSW,141.0,134.0
0022300700,2024-02-03,CHI,SAC,115.0,123.0
0022300701,2024-02-03,NYK,LAL,105.0,113.0
0022300702,2024-02-03,DAL,MIL,117.0,129.0
0022300703,2024-02-03,SAS,CLE,101.0,117.0
0022300704,2024-02-04,DET,ORL,99.0,111.0
0022300705,2024-02-04,WAS,PHX,112.0,140.0
0022300706,2024-02-04,BOS,MEM,131.0,91.0
0022300707,2024-02-04,CHA,IND,99.0,115.0
0022300708,2024-02-04,MIA,LAC,95.0,103.0
0022300709,2024-02-04,MIN,HOU,111.0,90.0
0022300710,2024-02-04,OKC,TOR,135.0,127.0
0022300711,2024-02-04,UTA,MIL,123.0,108.0
0022300712,2024-02-04,DEN,POR,112.0,103.0
0022300713,2024-02-05,CHA,LAL,118.0,124.0
0022300714,2024-02-05,CLE,SAC,136.0,110.0
0022300715,2024-02-05,PHI,DAL,102.0,118.0
0022300716,2024-02-05,ATL,LAC,144.0,149.0
0022300717,2024-02-05,BKN,GSW,98.0,109.0
0022300718,2024-02-05,NOP,TOR,138.0,100.0
0022300719,2024-02-06,IND,HOU,132.0,129.0
0022300720,2024-02-06,BKN,DAL,107.0,119.0
0022300721,2024-02-06,MIA,ORL,121.0,95.0
0022300722,2024-02-06,NYK,MEM,123.0,113.0
0022300723,2024-02-06,CHI,MIN,129.0,123.0
0022300724,2024-02-06,UTA,OKC,124.0,117.0
0022300725,2024-02-06,PHX,MIL,114.0,106.0
0022300726,2024-02-07,CHA,TOR,117.0,123.0
0022300727,2024-02-07,PHI,GSW,104.0,127.0
0022300728,2024-02-07,WAS,CLE,106.0,114.0
0022300729,2024-02-07,BOS,ATL,125.0,117.0
0022300730,2024-02-07,MIA,SAS,116.0,104.0
0022300731,2024-02-07,LAC,NOP,106.0,117.0
0022300732,2024-02-07,SAC,DET,120.0,133.0
0022300733,2024-02-08,IND,GSW,109.0,131.0
0022300734,2024-02-08,ORL,SAS,127.0,111.0
0022300735,2024-02-08,BKN,CLE,95.0,118.0
0022300736,2024-02-08,NYK,DAL,108.0,122.0
0022300737,2024-02-08,MEM,CHI,110.0,118.0
0022300738,2024-02-08,MIL,MIN,105.0,129.0
0022300739,2024-02-08,PHX,UTA,129.0,115.0
0022300740,2024-02-08,LAL,DEN,106.0,114.0
0022300741,2024-02-08,POR,DET,122.0,128.0
0022300742,2024-02-09,PHI,ATL,121.0,127.0
0022300743,2024-02-09,BOS,WAS,133.0,129.0
0022300744,2024-02-09,TOR,HOU,107.0,104.0
0022300745,2024-02-09,MIL,CHA,120.0,84.0
0022300746,2024-02-09,SAC,DEN,135.0,106.0
0022300747,2024-02-09,LAL,NOP,139.0,122.0
0022300748,2024-02-10,DAL,OKC,146.0,111.0
0022300749,2024-02-10,LAC,DET,112.0,106.0
0022300750,2024-02-10,BKN,SAS,123.0,103.0
0022300751,2024-02-10,CHA,MEM,115.0,106.0
0022300752,2024-02-10,ORL,CHI,114.0,108.0
0022300753,2024-02-10,WAS,PHI,113.0,119.0
0022300754,2024-02-10,ATL,HOU,122.0,113.0
0022300755,2024-02-10,NYK,IND,111.0,125.0
0022300756,2024-02-10,TOR,CLE,95.0,119.0
0022300757,2024-02-10,GSW,PHX,113.0,112.0
0022300758,2024-02-10,POR,NOP,84.0,93.0
0022300759,2024-02-11,MIA,BOS,106.0,110.0
0022300760,2024-02-11,OKC,SAC,127.0,113.0
0022300761,2024-02-12,CHA,IND,111.0,102.0
0022300762,2024-02-12,CLE,PHI,121.0,123.0
0022300763,2024-02-12,ATL,CHI,126.0,136.0
0022300764,2024-02-12,TOR,SAS,99.0,122.0
0022300765,2024-02-12,HOU,NYK,105.0,103.0
0022300766,2024-02-12,MEM,NOP,87.0,96.0
0022300767,2024-02-12,MIL,DEN,112.0,95.0
0022300768,2024-02-12,DAL,WAS,112.0,104.0
0022300769,2024-02-12,UTA,GSW,107.0,129.0
0022300770,2024-02-12,LAC,MIN,100.0,121.0
0022300771,2024-02-13,BKN,BOS,110.0,118.0
0022300772,2024-02-13,ORL,OKC,113.0,127.0
0022300773,2024-02-13,MIL,MIA,97.0,123.0
0022300774,2024-02-13,PHX,SAC,130.0,125.0
0022300775,2024-02-13,POR,MIN,109.0,121.0
0022300776,2024-02-13,LAL,DET,125.0,111.0
0022300777,2024-02-14,CHA,ATL,122.0,99.0
0022300778,2024-02-14,ORL,NYK,118.0,100.0
0022300779,2024-02-14,PHI,MIA,104.0,109.0
0022300780,2024-02-14,BOS,BKN,136.0,86.0
0022300781,2024-02-14,CLE,CHI,108.0,105.0
0022300782,2024-02-14,TOR,IND,125.0,127.0
0022300783,2024-02-14,MEM,HOU,121.0,113.0
0022300784,2024-02-14,NOP,WAS,133.0,126.0
0022300785,2024-02-14,DAL,SAS,116.0,93.0
0022300786,2024-02-14,DEN,SAC,98.0,102.0
0022300787,2024-02-14,PHX,DET,116.0,100.0
0022300788,2024-02-14,UTA,LAL,122.0,138.0
0022300789,2024-02-14,GSW,LAC,125.0,130.0
0022300790,2024-02-15,MEM,MIL,113.0,110.0
0022300791,2024-02-15,POR,MIN,91.0,128.0
0022300792,2024-02-22,CLE,ORL,109.0,116.0
0022300793,2024-02-22,IND,DET,129.0,115.0
0022300794,2024-02-22,PHI,NYK,96.0,110.0
0022300795,2024-02-22,TOR,BKN,121.0,93.0
0022300796,2024-02-22,DAL,PHX,123.0,113.0
0022300797,2024-02-22,CHI,BOS,112.0,129.0
0022300798,2024-02-22,NOP,HOU,127.0,105.0
0022300799,2024-02-22,OKC,LAC,129.0,107.0
0022300800,2024-02-22,DEN,WAS,130.0,110.0
0022300801,2024-02-22,UTA,CHA,107.0,115.0
0022300802,2024-02-22,GSW,LAL,128.0,110.0
0022300803,2024-02-22,SAC,SAS,127.0,122.0
0022300804,2024-02-23,ATL,TOR,121.0,123.0
0022300805,2024-02-23,PHI,CLE,104.0,97.0
0022300806,2024-02-23,HOU,PHX,114.0,110.0
0022300807,2024-02-23,MEM,LAC,95.0,101.0
0022300808,2024-02-23,MIN,MIL,107.0,112.0
0022300809,2024-02-23,OKC,WAS,147.0,106.0
0022300810,2024-02-23,NOP,MIA,95.0,106.0
0022300811,2024-02-23,GSW,CHA,97.0,84.0
0022300812,2024-02-23,POR,DEN,112.0,127.0
0022300813,2024-02-23,LAL,SAS,123.0,118.0
0022300814,2024-02-24,DET,ORL,109.0,112.0
0022300815,2024-02-24,MIN,BKN,101.0,86.0
0022300816,2024-02-24,NYK,BOS,102.0,116.0
0022300817,2024-02-25,PHI,MIL,98.0,119.0
0022300818,2024-02-25,PHX,LAL,123.0,113.0
0022300819,2024-02-25,IND,DAL,133.0,111.0
0022300820,2024-02-25,WAS,CLE,105.0,114.0
0022300821,2024-02-25,ATL,ORL,109.0,92.0
0022300822,2024-02-25,HOU,OKC,110.0,123.0
0022300823,2024-02-25,NOP,CHI,106.0,114.0
0022300824,2024-02-25,GSW,DEN,103.0,119.0
0022300825,2024-02-25,UTA,SAS,128.0,109.0
0022300826,2024-02-25,POR,CHA,80.0,93.0
0022300827,2024-02-25,LAC,SAC,107.0,123.0
0022300828,2024-02-26,NYK,DET,113.0,111.0
0022300829,2024-02-26,IND,TOR,122.0,130.0
0022300830,2024-02-26,MEM,BKN,86.0,111.0
0022300831,2024-02-26,SAC,MIA,110.0,121.0
0022300832,2024-02-27,CLE,DAL,121.0,119.0
0022300833,2024-02-27,ORL,BKN,108.0,81.0
0022300834,2024-02-27,WAS,GSW,112.0,123.0
0022300835,2024-02-27,ATL,UTA,124.0,97.0
0022300836,2024-02-27,BOS,PHI,117.0,99.0
0022300837,2024-02-27,NYK,NOP,92.0,115.0
0022300838,2024-02-27,MIN,SAS,114.0,105.0
0022300839,2024-02-27,CHI,DET,95.0,105.0
0022300840,2024-02-27,MIL,CHA,123.0,85.0
0022300841,2024-02-27,OKC,HOU,112.0,95.0
0022300842,2024-02-27,POR,MIA,96.0,106.0
0022300843,2024-02-28,IND,NOP,123.0,114.0
0022300844,2024-02-28,TOR,DAL,125.0,136.0
0022300845,2024-02-28,MIN,MEM,110.0,101.0
0022300846,2024-02-28,CHI,CLE,132.0,123.0
0022300847,2024-02-28,DEN,SAC,117.0,96.0
0022300848,2024-02-28,LAC,LAL,112.0,116.0
0022300849,2024-02-29,CHA,MIL,99.0,111.0
0022300850,2024-02-29,ORL,UTA,115.0,107.0
0022300851,2024-02-29,BKN,ATL,124.0,97.0
0022300852,2024-02-29,NYK,GSW,99.0,110.0
0022300853,2024-02-29,SAS,OKC,132.0,118.0
0022300854,2024-02-29,PHX,HOU,110.0,105.0
0022300855,2024-02-29,DEN,MIA,103.0,97.0
0022300856,2024-02-29,LAL,WAS,134.0,131.0
0022300857,2024-03-01,DET,CLE,100.0,110.0
0022300858,2024-03-01,PHI,CHA,121.0,114.0
0022300859,2024-03-01,BOS,DAL,138.0,110.0
0022300860,2024-03-01,TOR,GSW,105.0,120.0
0022300861,2024-03-01,MEM,POR,92.0,122.0
0022300862,2024-03-01,MIN,SAC,120.0,124.0
0022300863,2024-03-01,NOP,IND,129.0,102.0
0022300864,2024-03-01,CHI,MIL,97.0,113.0
0022300865,2024-03-01,LAC,WAS,140.0,115.0
0022300866,2024-03-02,BKN,ATL,114.0,102.0
0022300867,2024-03-02,MIA,UTA,126.0,120.0
0022300868,2024-03-02,MEM,POR,100.0,107.0
0022300869,2024-03-02,LAL,DEN,114.0,124.0
0022300870,2024-03-02,PHX,HOU,109.0,118.0
0022300871,2024-03-03,DAL,PHI,116.0,120.0
0022300872,2024-03-03,BOS,GSW,140.0,88.0
0022300873,2024-03-03,MIN,LAC,88.0,89.0
0022300874,2024-03-03,ORL,DET,113.0,91.0
0022300875,2024-03-03,TOR,CHA,111.0,106.0
0022300876,2024-03-03,CLE,NYK,98.0,107.0
0022300877,2024-03-03,SAS,IND,117.0,105.0
0022300878,2024-03-03,PHX,OKC,110.0,118.0
0022300879,2024-03-04,BKN,MEM,102.0,106.0
0022300880,2024-03-04,MIL,LAC,113.0,106.0
0022300881,2024-03-04,MIN,POR,119.0,114.0
0022300882,2024-03-04,UTA,WAS,127.0,115.0
0022300883,2024-03-04,SAC,CHI,109.0,113.0
0022300884,2024-03-04,LAL,OKC,116.0,104.0
0022300885,2024-03-05,CHA,ORL,89.0,101.0
0022300886,2024-03-05,CLE,BOS,105.0,104.0
0022300887,2024-03-05,BKN,PHI,112.0,107.0
0022300888,2024-03-05,MIA,DET,118.0,110.0
0022300889,2024-03-05,NYK,ATL,100.0,116.0
0022300890,2024-03-05,TOR,NOP,98.0,139.0
0022300891,2024-03-05,HOU,SAS,114.0,101.0
0022300892,2024-03-05,DAL,IND,120.0,137.0
0022300893,2024-03-05,DEN,PHX,107.0,117.0
0022300894,2024-03-06,WAS,ORL,109.0,119.0
0022300895,2024-03-06,ATL,CLE,112.0,101.0
0022300896,2024-03-06,PHI,MEM,109.0,115.0
0022300897,2024-03-06,HOU,LAC,116.0,122.0
0022300898,2024-03-06,UTA,CHI,117.0,119.0
0022300899,2024-03-06,GSW,MIL,125.0,90.0
0022300900,2024-03-06,POR,OKC,120.0,128.0
0022300901,2024-03-06,LAL,SAC,120.0,130.0
0022300902,2024-03-07,DET,BKN,118.0,112.0
0022300903,2024-03-07,IND,MIN,111.0,113.0
0022300904,2024-03-07,DAL,MIA,114.0,108.0
0022300905,2024-03-07,PHX,TOR,120.0,113.0
0022300906,2024-03-07,DEN,BOS,115.0,109.0
0022300907,2024-03-07,GSW,CHI,122.0,125.0
0022300908,2024-03-07,SAC,SAS,131.0,129.0
0022300909,2024-03-08,PHI,NOP,95.0,103.0
0022300910,2024-03-08,WAS,CHA,112.0,100.0
0022300911,2024-03-08,CLE,MIN,113.0,104.0
0022300912,2024-03-08,NYK,ORL,98.0,74.0
0022300913,2024-03-08,MEM,ATL,92.0,99.0
0022300914,2024-03-08,OKC,MIA,107.0,100.0
0022300915,2024-03-08,LAL,MIL,123.0,122.0
0022300916,2024-03-08,POR,HOU,107.0,123.0
0022300917,2024-03-09,LAC,CHI,112.0,102.0
0022300918,2024-03-09,CHA,BKN,110.0,99.0
0022300919,2024-03-09,DET,DAL,124.0,142.0
0022300920,2024-03-09,PHX,BOS,107.0,117.0
0022300921,2024-03-09,GSW,SAS,113.0,126.0
0022300922,2024-03-09,DEN,UTA,142.0,121.0
0022300923,2024-03-09,POR,TOR,128.0,118.0
0022300924,2024-03-10,LAC,MIL,117.0,124.0
0022300925,2024-03-10,ATL,NOP,103.0,116.0
0022300926,2024-03-10,MIA,WAS,108.0,110.0
0022300927,2024-03-10,NYK,PHI,73.0,79.0
0022300928,2024-03-10,ORL,IND,97.0,111.0
0022300929,2024-03-10,SAC,HOU,104.0,112.0
0022300930,2024-03-10,CLE,BKN,101.0,120.0
0022300931,2024-03-10,OKC,MEM,124.0,93.0
0022300932,2024-03-10,LAL,MIN,120.0,109.0
0022300933,2024-03-11,DET,CHA,114.0,97.0
0022300934,2024-03-11,CLE,PHX,111.0,117.0
0022300935,2024-03-11,CHI,DAL,92.0,127.0
0022300936,2024-03-11,SAS,GSW,102.0,112.0
0022300937,2024-03-11,DEN,TOR,125.0,119.0
0022300938,2024-03-11,POR,BOS,99.0,121.0
0022300939,2024-03-12,NYK,PHI,106.0,79.0
0022300940,2024-03-12,MEM,WAS,109.0,97.0
0022300941,2024-03-12,OKC,IND,111.0,121.0
0022300942,2024-03-12,SAS,HOU,101.0,103.0
0022300943,2024-03-12,UTA,BOS,107.0,123.0
0022300944,2024-03-12,LAC,MIN,100.0,118.0
0022300945,2024-03-12,SAC,MIL,129.0,94.0
0022300946,2024-03-13,DET,TOR,113.0,104.0
0022300947,2024-03-13,ORL,BKN,114.0,106.0
0022300948,2024-03-13,IND,CHI,129.0,132.0
0022300949,2024-03-13,MIA,DEN,88.0,100.0
0022300950,2024-03-13,MEM,CHA,98.0,110.0
0022300951,2024-03-13,NOP,CLE,95.0,116.0
0022300952,2024-03-13,DAL,GSW,109.0,99.0
0022300953,2024-03-13,POR,ATL,106.0,102.0
0022300954,2024-03-13,SAC,LAL,120.0,107.0
0022300955,2024-03-14,BOS,PHX,127.0,112.0
0022300956,2024-03-14,CHI,LAC,111.0,126.0
0022300957,2024-03-14,HOU,WAS,135.0,119.0
0022300958,2024-03-14,MIL,PHI,114.0,105.0
0022300959,2024-03-14,OKC,DAL,126.0,119.0
0022300960,2024-03-14,POR,NYK,93.0,105.0
0022300961,2024-03-15,CHA,PHX,96.0,107.0
0022300962,2024-03-15,DET,MIA,95.0,108.0
0022300963,2024-03-15,TOR,ORL,103.0,113.0
0022300964,2024-03-15,NOP,LAC,112.0,104.0
0022300965,2024-03-15,SAS,DEN,106.0,117.0
0022300966,2024-03-15,UTA,ATL,124.0,122.0
0022300967,2024-03-16,HOU,CLE,117.0,103.0
0022300968,2024-03-16,IND,BKN,121.0,100.0
0022300969,2024-03-16,PHI,CHA,109.0,98.0
0022300970,2024-03-16,NOP,POR,126.0,107.0
0022300971,2024-03-16,CHI,WAS,127.0,98.0
0022300972,2024-03-16,MEM,OKC,112.0,118.0
0022300973,2024-03-16,LAL,GSW,121.0,128.0
0022300974,2024-03-16,UTA,MIN,100.0,119.0
0022300975,2024-03-16,SAC,NYK,91.0,98.0
0022300976,2024-03-17,MIL,PHX,140.0,129.0
0022300977,2024-03-17,DET,MIA,101.0,104.0
0022300978,2024-03-17,DAL,DEN,107.0,105.0
0022300979,2024-03-17,ORL,TOR,111.0,96.0
0022300980,2024-03-17,WAS,BOS,104.0,130.0
0022300981,2024-03-17,SAS,BKN,122.0,115.0
0022300982,2024-03-17,LAC,ATL,93.0,110.0
0022300983,2024-03-18,IND,CLE,103.0,108.0
0022300984,2024-03-18,BOS,DET,119.0,94.0
0022300985,2024-03-18,PHI,MIA,98.0,91.0
0022300986,2024-03-18,CHI,POR,110.0,107.0
0022300987,2024-03-18,UTA,MIN,104.0,114.0
0022300988,2024-03-18,GSW,NYK,112.0,119.0
0022300989,2024-03-18,SAC,MEM,121.0,111.0
0022300990,2024-03-18,LAL,ATL,136.0,105.0
0022300991,2024-03-19,ORL,CHA,112.0,92.0
0022300992,2024-03-19,WAS,HOU,114.0,137.0
0022300993,2024-03-19,BKN,NOP,91.0,104.0
0022300994,2024-03-19,SAS,DAL,107.0,113.0
0022300995,2024-03-19,MIN,DEN,112.0,115.0
0022300996,2024-03-20,CLE,MIA,104.0,107.0
0022300997,2024-03-20,DET,IND,103.0,122.0
0022300998,2024-03-20,BOS,MIL,122.0,119.0
0022300999,2024-03-20,TOR,SAC,89.0,123.0
0022301000,2024-03-20,OKC,UTA,119.0,107.0
0022301001,2024-03-20,GSW,MEM,137.0,116.0
0022301002,2024-03-20,PHX,PHI,115.0,102.0
0022301003,2024-03-20,POR,LAC,103.0,116.0
0022301004,2024-03-21,ORL,NOP,121.0,106.0
0022301005,2024-03-21,WAS,SAC,109.0,102.0
0022301006,2024-03-21,HOU,CHI,127.0,117.0
0022301007,2024-03-21,MIL,BKN,115.0,108.0
0022301008,2024-03-21,DAL,UTA,113.0,97.0
0022301009,2024-03-21,DEN,NYK,113.0,100.0
0022301010,2024-03-21,PHX,ATL,128.0,115.0
0022301011,2024-03-22,DET,BOS,102.0,129.0
0022301012,2024-03-22,TOR,OKC,103.0,123.0
0022301013,2024-03-22,MIA,NOP,88.0,111.0
0022301014,2024-03-22,MIN,CLE,104.0,91.0
0022301015,2024-03-22,SAS,MEM,97.0,99.0
0022301016,2024-03-22,GSW,IND,111.0,123.0
0022301017,2024-03-22,POR,LAC,117.0,125.0
0022301018,2024-03-22,LAL,PHI,101.0,94.0
0022301019,2024-03-23,NYK,BKN,105.0,93.0
0022301020,2024-03-23,ORL,SAC,107.0,109.0
0022301021,2024-03-23,ATL,CHA,132.0,91.0
0022301022,2024-03-23,WAS,TOR,112.0,109.0
0022301023,2024-03-23,CHI,BOS,113.0,124.0
0022301024,2024-03-23,HOU,UTA,147.0,119.0
0022301025,2024-03-23,SAS,PHX,106.0,131.0
0022301026,2024-03-23,POR,DEN,111.0,114.0
0022301027,2024-03-24,DET,NOP,101.0,114.0
0022301028,2024-03-24,LAC,PHI,107.0,121.0
0022301029,2024-03-24,MIA,CLE,121.0,84.0
0022301030,2024-03-24,MIL,OKC,118.0,93.0
0022301031,2024-03-24,MIN,GSW,114.0,110.0
0022301032,2024-03-24,LAL,IND,150.0,145.0
0022301033,2024-03-25,CLE,CHA,115.0,92.0
0022301034,2024-03-25,ATL,BOS,120.0,118.0
0022301035,2024-03-25,NYK,DET,124.0,99.0
0022301036,2024-03-25,TOR,BKN,88.0,96.0
0022301037,2024-03-25,CHI,WAS,105.0,107.0
0022301038,2024-03-25,HOU,POR,110.0,92.0
0022301039,2024-03-25,SAS,PHX,104.0,102.0
0022301040,2024-03-25,DEN,MEM,128.0,103.0
0022301041,2024-03-25,UTA,DAL,105.0,115.0
0022301042,2024-03-25,SAC,PHI,108.0,96.0
0022301043,2024-03-25,LAC,IND,116.0,133.0
0022301044,2024-03-26,MIA,GSW,92.0,113.0
0022301045,2024-03-26,MIL,LAL,124.0,128.0
0022301046,2024-03-26,NOP,OKC,112.0,119.0
0022301047,2024-03-26,SAC,DAL,96.0,132.0
0022301048,2024-03-27,CHA,CLE,118.0,111.0
0022301049,2024-03-27,ORL,GSW,93.0,101.0
0022301050,2024-03-27,WAS,BKN,119.0,122.0
0022301051,2024-03-27,ATL,POR,120.0,106.0
0022301052,2024-03-27,PHI,LAC,107.0,108.0
0022301053,2024-03-27,TOR,NYK,101.0,145.0
0022301054,2024-03-27,CHI,IND,125.0,99.0
0022301055,2024-03-27,MEM,LAL,124.0,136.0
0022301056,2024-03-27,MIN,DET,106.0,91.0
0022301057,2024-03-27,OKC,HOU,126.0,132.0
0022301058,2024-03-27,UTA,SAS,111.0,118.0
0022301059,2024-03-27,DEN,PHX,97.0,104.0
0022301060,2024-03-28,ATL,BOS,123.0,122.0
0022301061,2024-03-28,NOP,MIL,107.0,100.0
0022301062,2024-03-29,CHA,GSW,97.0,115.0
0022301063,2024-03-29,IND,LAL,109.0,90.0
0022301064,2024-03-29,ORL,LAC,97.0,100.0
0022301065,2024-03-29,WAS,DET,87.0,96.0
0022301066,2024-03-29,BKN,CHI,125.0,108.0
0022301067,2024-03-29,CLE,PHI,117.0,114.0
0022301068,2024-03-29,MIA,POR,142.0,82.0
0022301069,2024-03-29,OKC,PHX,128.0,103.0
0022301070,2024-03-29,SAS,NYK,130.0,126.0
0022301071,2024-03-29,DEN,MIN,98.0,111.0
0022301072,2024-03-29,UTA,HOU,100.0,101.0
0022301073,2024-03-29,SAC,DAL,103.0,107.0
0022301074,2024-03-30,NOP,BOS,92.0,104.0
0022301075,2024-03-30,ORL,MEM,118.0,88.0
0022301076,2024-03-30,ATL,MIL,113.0,122.0
0022301077,2024-03-31,DEN,CLE,130.0,101.0
0022301078,2024-03-31,BKN,LAL,104.0,116.0
0022301079,2024-03-31,CHA,LAC,118.0,130.0
0022301080,2024-03-31,TOR,PHI,120.0,135.0
0022301081,2024-03-31,WAS,MIA,107.0,119.0
0022301082,2024-03-31,NYK,OKC,112.0,113.0
0022301083,2024-03-31,HOU,DAL,107.0,125.0
0022301084,2024-03-31,MIN,CHI,101.0,109.0
0022301085,2024-03-31,SAS,GSW,113.0,117.0
0022301086,2024-03-31,SAC,UTA,127.0,106.0
0022301087,2024-04-01,CHA,BOS,104.0,118.0
0022301088,2024-04-01,DET,MEM,108.0,110.0
0022301089,2024-04-01,IND,BKN,133.0,111.0
0022301090,2024-04-01,ORL,POR,104.0,103.0
0022301091,2024-04-01,CHI,ATL,101.0,113.0
0022301092,2024-04-01,NOP,PHX,111.0,124.0
0022301093,2024-04-02,PHI,OKC,109.0,105.0
0022301094,2024-04-02,TOR,LAL,111.0,128.0
0022301095,2024-04-02,WAS,MIL,117.0,113.0
0022301096,2024-04-02,MIA,NYK,109.0,99.0
0022301097,2024-04-05,DAL,GSW,108.0,106.0
0022301098,2024-04-02,MIN,HOU,113.0,106.0
0022301099,2024-04-02,DEN,SAS,110.0,105.0
0022301100,2024-04-02,UTA,CLE,113.0,129.0
0022301101,2024-04-02,SAC,LAC,109.0,95.0
0022301102,2024-04-03,CHA,POR,86.0,89.0
0022301103,2024-04-03,WAS,LAL,120.0,125.0
0022301104,2024-04-03,ATL,DET,121.0,113.0
0022301105,2024-04-03,BOS,OKC,135.0,100.0
0022301106,2024-04-03,BKN,IND,115.0,111.0
0022301107,2024-04-03,MIL,MEM,101.0,111.0
0022301108,2024-04-03,MIN,TOR,133.0,85.0
0022301109,2024-04-03,NOP,ORL,108.0,117.0
0022301110,2024-04-03,PHX,CLE,122.0,101.0
0022301111,2024-04-04,MIA,PHI,105.0,109.0
0022301112,2024-04-04,NYK,SAC,120.0,109.0
0022301113,2024-04-04,HOU,GSW,110.0,133.0
0022301114,2024-04-04,LAC,DEN,102.0,100.0
0022301115,2024-04-05,CHA,ORL,124.0,115.0
0022301116,2024-04-05,IND,OKC,126.0,112.0
0022301117,2024-04-05,WAS,POR,102.0,108.0
0022301118,2024-04-05,BOS,SAC,101.0,100.0
0022301119,2024-04-05,CHI,NYK,108.0,100.0
0022301120,2024-04-05,HOU,MIA,104.0,119.0
0022301121,2024-04-05,MEM,DET,108.0,90.0
0022301122,2024-04-05,MIL,TOR,111.0,117.0
0022301123,2024-04-05,NOP,SAS,109.0,111.0
0022301124,2024-04-04,DAL,ATL,109.0,95.0
0022301125,2024-04-05,PHX,MIN,97.0,87.0
0022301126,2024-04-05,LAC,UTA,131.0,102.0
0022301127,2024-04-06,LAL,CLE,116.0,97.0
0022301128,2024-04-06,BKN,DET,113.0,103.0
0022301129,2024-04-06,MEM,PHI,96.0,116.0
0022301130,2024-04-06,DEN,ATL,142.0,110.0
0022301131,2024-04-07,DAL,HOU,147.0,136.0
0022301132,2024-04-07,LAC,CLE,120.0,118.0
0022301133,2024-04-07,IND,MIA,117.0,115.0
0022301134,2024-04-07,BOS,POR,124.0,107.0
0022301135,2024-04-07,CHA,OKC,118.0,121.0
0022301136,2024-04-07,ORL,CHI,113.0,98.0
0022301137,2024-04-07,TOR,WAS,130.0,122.0
0022301138,2024-04-07,PHX,NOP,105.0,113.0
0022301139,2024-04-07,MIL,NYK,109.0,122.0
0022301140,2024-04-07,SAS,PHI,126.0,133.0
0022301141,2024-04-07,BKN,SAC,77.0,107.0
0022301142,2024-04-07,GSW,UTA,118.0,110.0
0022301143,2024-04-07,LAL,MIN,117.0,127.0
0022301144,2024-04-09,CHA,DAL,104.0,130.0
0022301145,2024-04-09,PHI,DET,120.0,102.0
0022301146,2024-04-09,TOR,IND,123.0,140.0
0022301147,2024-04-09,ATL,MIA,111.0,117.0
0022301148,2024-04-09,MIL,BOS,104.0,91.0
0022301149,2024-04-09,CHI,NYK,117.0,128.0
0022301150,2024-04-09,HOU,ORL,118.0,106.0
0022301151,2024-04-09,MEM,SAS,87.0,102.0
0022301152,2024-04-09,MIN,WAS,130.0,121.0
0022301153,2024-04-09,OKC,SAC,112.0,105.0
0022301154,2024-04-09,UTA,DEN,95.0,111.0
0022301155,2024-04-09,LAL,GSW,120.0,134.0
0022301156,2024-04-09,PHX,LAC,92.0,105.0
0022301157,2024-04-09,POR,NOP,100.0,110.0
0022301158,2024-04-10,CLE,MEM,110.0,98.0
0022301159,2024-04-10,ATL,CHA,114.0,115.0
0022301160,2024-04-10,BKN,TOR,106.0,102.0
0022301161,2024-04-10,MIA,DAL,92.0,111.0
0022301162,2024-04-10,MIL,ORL,117.0,99.0
0022301163,2024-04-10,OKC,SAS,127.0,89.0
0022301164,2024-04-10,DEN,MIN,116.0,107.0
0022301165,2024-04-10,LAC,PHX,108.0,124.0
0022301166,2024-04-11,DET,CHI,105.0,127.0
0022301167,2024-04-11,BOS,NYK,109.0,118.0
0022301168,2024-04-11,UTA,HOU,124.0,121.0
0022301169,2024-04-11,POR,GSW,92.0,100.0
0022301170,2024-04-11,SAC,NOP,123.0,135.0
0022301171,2024-04-12,PHI,ORL,125.0,113.0
0022301172,2024-04-12,WAS,CHI,127.0,129.0
0022301173,2024-04-12,BOS,CHA,131.0,98.0
0022301174,2024-04-12,CLE,IND,129.0,120.0
0022301175,2024-04-12,NYK,BKN,111.0,107.0
0022301176,2024-04-12,MIA,TOR,125.0,103.0
0022301177,2024-04-12,MEM,LAL,120.0,123.0
0022301178,2024-04-12,MIN,ATL,109.0,106.0
0022301179,2024-04-12,OKC,MIL,125.0,107.0
0022301180,2024-04-12,SAS,DEN,121.0,120.0
0022301181,2024-04-12,DAL,DET,89.0,107.0
0022301182,2024-04-12,GSW,NOP,109.0,114.0
0022301183,2024-04-12,POR,HOU,107.0,116.0
0022301184,2024-04-12,LAC,UTA,109.0,110.0
0022301185,2024-04-12,SAC,PHX,107.0,108.0
0022301186,2024-04-14,BOS,WAS,132.0,122.0
0022301187,2024-04-14,CLE,CHA,110.0,120.0
0022301188,2024-04-14,IND,ATL,157.0,115.0
0022301189,2024-04-14,MIA,TOR,118.0,103.0
0022301190,2024-04-14,NYK,CHI,120.0,119.0
0022301191,2024-04-14,ORL,MIL,113.0,88.0
0022301192,2024-04-14,PHI,BKN,107.0,86.0
0022301193,2024-04-14,MEM,DEN,111.0,126.0
0022301194,2024-04-14,MIN,PHX,106.0,125.0
0022301195,2024-04-14,NOP,LAL,108.0,124.0
0022301196,2024-04-14,OKC,DAL,135.0,86.0
0022301197,2024-04-14,SAS,DET,123.0,95.0
0022301198,2024-04-14,GSW,UTA,123.0,116.0
0022301199,2024-04-14,LAC,HOU,105.0,116.0
0022301200,2024-04-14,SAC,POR,121.0,82.0
0022301201,2023-12-05,MIL,NYK,146.0,122.0
0022301202,2023-12-04,IND,BOS,122.0,112.0
0022301203,2023-12-05,LAL,PHX,106.0,103.0
0022301204,2023-12-04,SAC,NOP,117.0,127.0
0022301205,2023-12-06,CLE,ORL,121.0,111.0
0022301206,2023-12-06,DET,MEM,102.0,116.0
0022301207,2023-12-06,TOR,MIA,103.0,112.0
0022301208,2023-12-06,WAS,PHI,126.0,131.0
0022301209,2023-12-06,ATL,BKN,113.0,114.0
0022301210,2023-12-06,MIN,SAS,102.0,94.0
0022301211,2023-12-06,CHI,CHA,111.0,100.0
0022301212,2023-12-06,HOU,OKC,110.0,101.0
0022301213,2023-12-06,DAL,UTA,147.0,97.0
0022301214,2023-12-06,GSW,POR,110.0,106.0
0022301215,2023-12-06,LAC,DEN,111.0,102.0
0022301216,2023-12-08,CHA,TOR,119.0,116.0
0022301217,2023-12-08,ORL,DET,123.0,91.0
0022301218,2023-12-08,PHI,ATL,125.0,114.0
0022301219,2023-12-08,BKN,WAS,124.0,97.0
0022301220,2023-12-08,MIA,CLE,99.0,111.0
0022301221,2023-12-08,MEM,MIN,103.0,127.0
0022301222,2023-12-08,OKC,GSW,138.0,136.0
0022301223,2023-12-08,SAS,CHI,112.0,121.0
0022301224,2023-12-08,DEN,HOU,106.0,114.0
0022301225,2023-12-08,UTA,LAC,103.0,117.0
0022301226,2023-12-08,POR,DAL,112.0,125.0
0022301227,2023-12-08,BOS,NYK,133.0,123.0
0022301228,2023-12-08,PHX,SAC,106.0,114.0
0022301229,2023-12-07,MIL,IND,119.0,128.0
0022301230,2023-12-07,LAL,NOP,133.0,89.0
0042300101,2024-04-21,BOS,MIA,114.0,94.0
0042300102,2024-04-24,BOS,MIA,101.0,111.0
0042300103,2024-04-27,MIA,BOS,84.0,104.0
0042300104,2024-04-29,MIA,BOS,88.0,102.0
0042300105,2024-05-01,BOS,MIA,118.0,84.0
0042300111,2024-04-20,NYK,PHI,111.0,104.0
0042300112,2024-04-22,NYK,PHI,104.0,101.0
0042300113,2024-04-25,PHI,NYK,125.0,114.0
0042300114,2024-04-28,PHI,NYK,92.0,97.0
0042300115,2024-04-30,NYK,PHI,106.0,112.0
0042300116,2024-05-02,PHI,NYK,115.0,118.0
0042300121,2024-04-21,MIL,IND,109.0,94.0
0042300122,2024-04-23,MIL,IND,108.0,125.0
0042300123,2024-04-26,IND,MIL,121.0,118.0
0042300124,2024-04-28,IND,MIL,126.0,113.0
0042300125,2024-04-30,MIL,IND,115.0,92.0
0042300126,2024-05-02,IND,MIL,120.0,98.0
0042300131,2024-04-20,CLE,ORL,97.0,83.0
0042300132,2024-04-22,CLE,ORL,96.0,86.0
0042300133,2024-04-25,ORL,CLE,121.0,83.0
0042300134,2024-04-27,ORL,CLE,112.0,89.0
0042300135,2024-04-30,CLE,ORL,104.0,103.0
0042300136,2024-05-03,ORL,CLE,103.0,96.0
0042300137,2024-05-05,CLE,ORL,106.0,94.0
0042300141,2024-04-21,OKC,NOP,94.0,92.0
0042300142,2024-04-24,OKC,NOP,124.0,92.0
0042300143,2024-04-27,NOP,OKC,85.0,106.0
0042300144,2024-04-29,NOP,OKC,89.0,97.0
0042300151,2024-04-20,DEN,LAL,114.0,103.0
0042300152,2024-04-22,DEN,LAL,101.0,99.0
0042300153,2024-04-25,LAL,DEN,105.0,112.0
0042300154,2024-04-27,LAL,DEN,119.0,108.0
0042300155,2024-04-29,DEN,LAL,108.0,106.0
0042300161,2024-04-20,MIN,PHX,120.0,95.0
0042300162,2024-04-23,MIN,PHX,105.0,93.0
0042300163,2024-04-26,PHX,MIN,109.0,126.0
0042300164,2024-04-28,PHX,MIN,116.0,122.0
0042300171,2024-04-21,LAC,DAL,109.0,97.0
0042300172,2024-04-23,LAC,DAL,93.0,96.0
0042300173,2024-04-26,DAL,LAC,101.0,90.0
0042300174,2024-04-28,DAL,LAC,111.0,116.0
0042300175,2024-05-01,LAC,DAL,93.0,123.0
0042300176,2024-05-03,DAL,LAC,114.0,101.0
0042300201,2024-05-07,BOS,CLE,120.0,95.0
0042300202,2024-05-09,BOS,CLE,94.0,118.0
0042300203,2024-05-11,CLE,BOS,93.0,106.0
0042300204,2024-05-13,CLE,BOS,102.0,109.0
0042300205,2024-05-15,BOS,CLE,113.0,98.0
0042300211,2024-05-06,NYK,IND,121.0,117.0
0042300212,2024-05-08,NYK,IND,130.0,121.0
0042300213,2024-05-10,IND,NYK,111.0,106.0
0042300214,2024-05-12,IND,NYK,121.0,89.0
0042300215,2024-05-14,NYK,IND,121.0,91.0
0042300216,2024-05-17,IND,NYK,116.0,103.0
0042300217,2024-05-19,NYK,IND,109.0,130.0
0042300221,2024-05-07,OKC,DAL,117.0,95.0
0042300222,2024-05-09,OKC,DAL,110.0,119.0
0042300223,2024-05-11,DAL,OKC,105.0,101.0
0042300224,2024-05-13,DAL,OKC,96.0,100.0
0042300225,2024-05-15,OKC,DAL,92.0,104.0
0042300226,2024-05-18,DAL,OKC,117.0,116.0
0042300231,2024-05-04,DEN,MIN,99.0,106.0
0042300232,2024-05-06,DEN,MIN,80.0,106.0
0042300233,2024-05-10,MIN,DEN,90.0,117.0
0042300234,2024-05-12,MIN,DEN,107.0,115.0
0042300235,2024-05-14,DEN,MIN,112.0,97.0
0042300236,2024-05-16,MIN,DEN,115.0,70.0
0042300237,2024-05-19,DEN,MIN,90.0,98.0
0042300301,2024-05-21,BOS,IND,133.0,128.0
0042300302,2024-05-23,BOS,IND,126.0,110.0
0042300303,2024-05-25,IND,BOS,111.0,114.0
0042300304,2024-05-27,IND,BOS,102.0,105.0
0042300311,2024-05-22,MIN,DAL,105.0,108.0
0042300312,2024-05-24,MIN,DAL,108.0,109.0
0042300313,2024-05-26,DAL,MIN,116.0,107.0
0042300314,2024-05-28,DAL,MIN,100.0,105.0
0042300315,2024-05-30,MIN,DAL,103.0,124.0
0042300401,2024-06-06,BOS,DAL,107.0,89.0
0042300402,2024-06-09,BOS,DAL,105.0,98.0
0042300403,2024-06-12,DAL,BOS,99.0,106.0
0042300404,2024-06-14,DAL,BOS,122.0,84.0
0042300405,2024-06-17,BOS,DAL,106.0,88.0
